Word,Category
afraid,one
alive,one
always,one
apple,one
bamboo,one
barge,one
beans,one
beasts,one
beware,one
body,one
breeze,one
bunny,one
bush,one
cabin,one
carve,one
charming,one
chips,one
claws,one
cliffs,one
cloak,one
come,one
company,one
cottage,one
crack,one
crunch,one
dangle,one
darkness,one
dirt,one
distance,one
dive,one
down,one
drink,one
earth,one
easy,one
entire,one
even,one
fear,one
feed,one
fine,one
finish,one
fire,one
flock,one
foolish,one
footprints,one
frazzled,one
friend,one
frozen,one
gentle,one
ginger,one
good,one
grandfather,one
groan,one
grumpily,one
guide,one
half,one
heart,one
hello,one
hiking,one
holiday,one
hopped,one
hospital,one
house,one
humble,one
hurt,one
illness,one
indoors,one
inside,one
knit,one
late,one
lead,one
leg,one
library,one
lizard,one
lovely,one
market,one
medium,one
mist,one
money,one
morning,one
mossy,one
most,one
mouth,one
mustard,one
narrow,one
nurse,one
pancake,one
paper,one
parade,one
path,one
peach,one
pearls,one
peer,one
pennies,one
pump,one
rabbit,one
ran,one
relax,one
remember,one
result,one
return,one
rich,one
riddle,one
rod,one
safety,one
seal,one
seventy,one
shadows,one
sharp,one
shell,one
shift,one
shine,one
shivering,one
shoot,one
shy,one
sick,one
silly,one
sloth,one
smoothly,one
soared,one
sound,one
source,one
sparkle,one
speak,one
spiders,one
spray,one
sprout,one
stars,one
steps,one
still,one
stout,one
sweater,one
swift,one
tallest,one
tangy,one
thirsty,one
total,one
trouble,one
truck,one
truth,one
tusk,one
voice,one
whale,one
whistle,one
wind,one
wings,one
winter,one
wrong,one
yarn,one
year,one
yellow,one
adrenaline,two
Aeolus,two
albino,two
alphabetical,two
annoyance,two
apprentice,two
arnica,two
arthritis,two
atmosphere,two
awning,two
basement,two
battalion,two
bellowed,two
beneath,two
bifocals,two
boycotting,two
bratwurst,two
burlap,two
business,two
butterflies,two
buttons,two
Caesar,two
calico,two
carefully,two
carrion,two
cartridge,two
cemetery,two
chimpanzees,two
chisel,two
civilian,two
clever,two
collateral,two
compliment,two
compromise,two
concentrate,two
conscious,two
convertible,two
cosmodrome,two
cuddle,two
custody,two
cutlery,two
dachshund,two
December,two
desperate,two
dictionary,two
disappear,two
disappointment,two
duende,two
duration,two
elite,two
elliptical,two
examine,two
exploratory,two
fascism,two
fertilizer,two
fickle,two
fictitious,two
fierce,two
fundraiser,two
geologist,two
glamorous,two
glaucoma,two
granola,two
haddock,two
Halloween,two
helium,two
hurdler,two
hypothermia,two
incident,two
indigo,two
inferior,two
initiation,two
insurrection,two
integrity,two
interruption,two
investment,two
invite,two
iridium,two
Japanese,two
jovial,two
kelp,two
laughter,two
lounge,two
lullaby,two
lunar,two
magnesium,two
marlin,two
mascara,two
materialize,two
matrilineal,two
megahertz,two
meticulous,two
molten,two
monorail,two
opposite,two
optometrist,two
Oregon,two
organism,two
pamphlet,two
pentathlete,two
perimeter,two
permit,two
persnickety,two
pheasants,two
piñata,two
piteously,two
Polaroid,two
precedent,two
predecessor,two
prejudice,two
proclaim,two
property,two
puffy,two
quail,two
rebuttal,two
regolith,two
reinstate,two
relief,two
rendezvous,two
reservoir,two
ridiculous,two
rigid,two
romerillo,two
salamanders,two
salary,two
schnauzer,two
segregation,two
Senegal,two
singularity,two
snarkiness,two
sniffling,two
solidarity,two
sorceress,two
sputnik,two
staccato,two
stragglers,two
suggested,two
suspension,two
synthetic,two
territory,two
thimble,two
tiptoed,two
tissues,two
tortillas,two
tractor,two
truant,two
versus,two
warrior,two
wetlands,two
woven,two
a cappella,three
acolyte,three
Addis Ababa,three
affinities,three
alabaster,three
alleviate,three
Amharic,three
ampulla,three
annelids,three
Aphrodite,three
apologetic,three
appetizing,three
approximation,three
arachnid,three
arsonist,three
arugula,three
assemblage,three
asymmetric,three
auditory,three
authority,three
Bildungsroman,three
bioluminescence,three
blithely,three
bogong moth,three
brazier,three
burnished,three
butane,three
calibrate,three
canter,three
Cappadocia,three
cataract,three
censers,three
cerulean,three
chickadee,three
chitinous,three
comprehensible,three
conflagration,three
conspicuous,three
consulate,three
credenza,three
crocheted,three
cuisine,three
cul-de-sac,three
curriculum,three
decisively,three
Delaware,three
despondent,three
diffidence,three
diplomatically,three
doberman,three
dominion,three
echolocation,three
éclair,three
electrolytes,three
embankment,three
embodiment,three
endothermy,three
enigmatic,three
eponymous,three
Eritrea,three
euphemism,three
eureka,three
finesse,three
foliage,three
forsythia,three
frankincense,three
frequency,three
gauntlets,three
generator,three
generosity,three
Gloucester,three
glycerin,three
hemisphere,three
hypothesis,three
imperial,three
inanimate,three
inaugurate,three
increments,three
influenza,three
innocuous,three
irascibility,three
irrelevant,three
juniper,three
kerosene,three
Krio,three
lactobacillus,three
lapels,three
legation,three
lemmings,three
leprosy,three
mayonnaise,three
mewling,three
modish,three
mortar,three
mysticetes,three
neurological,three
newt,three
odorant,three
ototoxic,three
palazzo,three
panoramic,three
pathologically,three
Pennsylvania,three
perpendicular,three
persistent,three
phantasmal,three
phenomenon,three
porpoises,three
preconception,three
Presbyterian,three
procession,three
propeller,three
prosciutto,three
prospective,three
protectorate,three
psychological,three
pulmonary,three
quiche,three
quizzically,three
reassurance,three
reluctance,three
salicylic acid,three
sauntered,three
saxophone,three
self-sufficient,three
seminal,three
sensilla,three
sentinels,three
settee,three
shar-pei,three
Sierra Leone,three
solenodon,three
spes phthisica,three
sputum,three
stomatopods,three
subscription,three
tenuous,three
thermotaxis,three
thrummed,three
torrential,three
trenchant,three
trichobothria,three
Tripoli,three
unconscious,three
undulating,three
unrelenting,three
vibrissae,three
vibrometer,three
wallowing,three
yakuza,three
